file,chars
刑JX044\上級編\02_模範答案.txt,2979
刑JX070\初級編\04_規範1_乙の罪責.txt,2812
刑JX058\初級編\04_規範1_甲乙の銀行詐欺と窃盗.txt,2761
刑JX066\初級編\04_規範1_承諾と偽造.txt,2624
刑JX063\初級編\04_規範1_建造物の一体性.txt,2601
刑JX056\初級編\04_規範1_業務上横領と親族相盗例.txt,2597
刑JX044\初級編\08_規範3_強盗殺人.txt,2569
刑JX058\初級編\06_規範2_丙の残高照会と窃盗未遂.txt,2547
刑JX005\刑JX005-4.txt,2546
刑JX005\刑JX005-12.txt,2541
刑JX013\刑JX013-12.txt,2539
刑JX013\刑JX013-4.txt,2534
刑JX065\初級編\04_規範1_名義人の承諾と偽造.txt,2527
刑JX009\刑JX009-14.txt,2525
刑JX044\初級編\04_規範1_不法領得の意思.txt,2524
刑JX012\刑JX012-3.txt,2497
刑JX012\刑JX012-9.txt,2497
刑JX025\初級編\04_規範1_共犯関係からの離脱.txt,2472
刑JX044\初級編\06_規範2_強取の因果関係.txt,2457
刑JX025\初級編\06_規範2_予備罪の共同正犯.txt,2444
刑JX053\上級編\02_模範答案.txt,2438
刑JX049\上級編\02_模範答案.txt,2403
刑JX064\初級編\04_規範1_公共の危険の意義.txt,2399
刑JX057\初級編\04_規範1_誤振込み詐欺.txt,2388
刑JX052\初級編\04_規範1_財産上の損害.txt,2349
刑JX014\刑JX014-12.txt,2334
刑JX007\刑JX007-12.txt,2299
刑JX042\上級編\02_模範答案.txt,2262
刑JX053\初級編\04_規範1_委託物横領と二項詐欺.txt,2259
刑JX052\上級編\02_模範答案.txt,2243
刑JX016\刑JX016-13.txt,2224
刑JX070\初級編\06_規範2_甲の罪責.txt,2223
刑JX066\初級編\08_規範3_代理名義の冒用.txt,2207
刑JX045\初級編\08_規範3_不法原因債権と二項強盗殺人.txt,2198
刑JX008\刑JX008-4.txt,2197
刑JX007\刑JX007-4.txt,2194
刑JX048\上級編\01_問題文.txt,2194
刑JX048\初級編\01_問題文.txt,2194
刑JX008\刑JX008-12.txt,2184
刑JX064\上級編\02_模範答案.txt,2163
刑JX052\初級編\06_規範2_重要事項性.txt,2159
刑JX032\上級編\02_模範答案.txt,2155
刑JX029\初級編\06_規範2_承諾の錯誤.txt,2154
刑JX063\上級編\02_模範答案.txt,2146
刑JX006\刑JX006-4.txt,2144
刑JX010\刑JX010-4.txt,2143
刑JX056\初級編\06_規範2_共犯と身分.txt,2142
刑JX039\上級編\02_模範答案.txt,2134
刑JX060\初級編\04_規範1_背任罪.txt,2130
刑JX066\初級編\06_規範2_消極的身分犯.txt,2112
刑JX055\上級編\02_模範答案a_甲の罪責.txt,2103
刑JX029\初級編\08_規範3_逆パターン.txt,2099
刑JX059\初級編\04_規範1_甲の背任.txt,2082
刑JX041\上級編\02_模範答案.txt,2074
刑JX068\初級編\10_規範4_不法領得の意思.txt,2068
刑JX065\初級編\08_規範3_名義人の共謀共同正犯.txt,2056
刑JX063\初級編\06_規範2_焼損の意義.txt,2046
刑JX060\上級編\02_模範答案.txt,2038
刑JX067\初級編\06_規範2_偽造の程度と電子データ化.txt,2032
刑JX048\初級編\06_規範2_2項強盗殺人.txt,2026
刑JX064\初級編\06_規範2_公共の危険発生の認識の要否.txt,2013
刑JX002\刑JX002-11.txt,1999
刑JX043\初級編\04_規範1_事後的奪取意思.txt,1982
刑JX060\初級編\06_規範2_詐欺罪.txt,1982
刑JX064\上級編\05_総まとめ.txt,1981
刑JX059\初級編\06_規範2_乙の共犯.txt,1970
刑JX062\初級編\04_規範1_257条の親族関係.txt,1964
刑JX062\初級編\06_規範2_委託信任関係.txt,1963
刑JX040\上級編\02_模範答案.txt,1962
刑JX029\初級編\04_規範1_自殺関与罪の着手.txt,1961
刑JX043\初級編\06_規範2_共謀の射程.txt,1956
刑JX067\初級編\04_規範1_写真コピーと偽造.txt,1956
刑JX064\初級編\05_あてはめ1_不特定と規模.txt,1941
刑JX044\上級編\05_総まとめ.txt,1929
刑JX017\刑JX017-12.txt,1928
刑JX068\初級編\06_規範2_写真コピーと偽造.txt,1897
刑JX067\初級編\07_あてはめ2_PDF化.txt,1893
刑JX013\刑JX013-6.txt,1891
刑JX032\初級編\04_規範1_監禁罪の保護法益.txt,1891
刑JX070\初級編\05_あてはめ1_乙の罪責.txt,1889
刑JX067\上級編\02_模範答案a_本件書面と写真コピー.txt,1887
刑JX002\刑JX002-4.txt,1885
刑JX069\上級編\05_総まとめ.txt,1875
刑JX065\上級編\02_模範答案a_乙の罪責.txt,1872
刑JX062\上級編\02_模範答案a_甲の罪責.txt,1869
刑JX060\上級編\05_総まとめ.txt,1866
刑JX068\初級編\08_規範3_詐欺の財物性と重要事項性.txt,1866
刑JX004\刑JX004-8.txt,1862
刑JX058\上級編\05_総まとめ.txt,1862
刑JX017\刑JX017-4.txt,1861
刑JX052\初級編\08_規範3_取引リスク回避.txt,1857
刑JX068\上級編\05_総まとめ.txt,1856
刑JX048\上級編\02_模範答案a_覚せい剤奪取.txt,1854
刑JX052\上級編\05_総まとめ.txt,1850
刑JX057\上級編\02_模範答案a_誤振込みの払戻し.txt,1833
刑JX068\初級編\04_規範1_偽造の意義と名義人.txt,1833
刑JX003\刑JX003-12.txt,1819
刑JX034\初級編\08_規範3_自己隠避教唆.txt,1819
刑JX068\上級編\02_模範答案a_文書偽造系.txt,1817
刑JX045\初級編\06_規範2_教唆と共同正犯.txt,1815
刑JX067\上級編\05_総まとめ.txt,1815
刑JX051\初級編\04_規範1_クレカ詐欺の被害者構成.txt,1812
刑JX042\初級編\04_規範1_強取と反抗抑圧.txt,1805
刑JX014\刑JX014-4.txt,1795
刑JX061\初級編\08_規範3_追求権侵害.txt,1795
刑JX045\初級編\04_規範1_相続利益と二項強盗殺人.txt,1794
刑JX002\刑JX002-10.txt,1788
刑JX010\刑JX010-12.txt,1787
刑JX013\刑JX013-9.txt,1786
刑JX044\初級編\09_あてはめ3_強盗殺人.txt,1785
刑JX017\刑JX017-6.txt,1780
刑JX028\初級編\06_規範2_不作為による幇助.txt,1779
刑JX044\初級編\02_事案分析.txt,1776
刑JX059\初級編\05_あてはめ1_損害と目的.txt,1775
刑JX069\初級編\06_規範2_甲の隠避教唆.txt,1775
刑JX013\刑JX013-8.txt,1768
刑JX017\刑JX017-8.txt,1766
刑JX065\初級編\09_あてはめ3_共謀共同正犯.txt,1765
刑JX060\初級編\05_あてはめ1_背任罪.txt,1763
刑JX036\初級編\06_規範2_保護法益と自救行為.txt,1762
刑JX002\刑JX002-8.txt,1758
刑JX044\初級編\05_あてはめ1_不法領得の意思.txt,1755
刑JX059\上級編\02_模範答案a_甲の罪責.txt,1752
刑JX061\初級編\06_規範2_親族間特例.txt,1751
刑JX053\初級編\06_規範2_盗品の委託信任関係.txt,1749
刑JX065\上級編\05_総まとめ.txt,1742
刑JX005\刑JX005-6.txt,1740
刑JX012\刑JX012-4.txt,1738
刑JX044\上級編\03_答案構成.txt,1738
刑JX049\初級編\06_規範2_処分意思.txt,1736
刑JX065\初級編\06_規範2_国家的法益と詐欺.txt,1730
刑JX025\初級編\05_あてはめ1_離脱.txt,1725
刑JX050\上級編\02_模範答案.txt,1724
刑JX032\初級編\06_規範2_事後的奪取意思.txt,1721
刑JX006\刑JX006-11.txt,1717
刑JX045\上級編\05_総まとめ.txt,1709
刑JX063\上級編\05_総まとめ.txt,1704
刑JX049\初級編\04_規範1_財産上の利益.txt,1700
刑JX005\刑JX005-1.txt,1691
刑JX008\刑JX008-6.txt,1691
刑JX046\上級編\02_模範答案a_事後強盗の成立まで.txt,1687
刑JX034\初級編\04_規範1_公務と業務.txt,1685
刑JX057\上級編\05_総まとめ.txt,1682
刑JX061\初級編\04_規範1_占有の有無.txt,1682
刑JX043\初級編\07_あてはめ2_甲の帰責.txt,1681
刑JX029\上級編\05_総まとめ.txt,1680
刑JX070\上級編\05_総まとめ.txt,1677
刑JX043\初級編\05_あてはめ1_強盗致死.txt,1676
刑JX066\上級編\05_総まとめ.txt,1676
刑JX059\上級編\05_総まとめ.txt,1674
刑JX026\上級編\02_模範答案a_乙の罪責.txt,1667
刑JX051\初級編\06_規範2_訴訟詐欺と三角詐欺.txt,1667
刑JX046\初級編\06_規範2_窃盗の機会性.txt,1666
刑JX048\上級編\05_総まとめ.txt,1665
刑JX002\刑JX002-6.txt,1664
刑JX049\上級編\04_差がつく点.txt,1662
刑JX044\上級編\04_差がつく点.txt,1660
刑JX062\上級編\05_総まとめ.txt,1658
刑JX004\刑JX004-12.txt,1657
刑JX051\上級編\05_総まとめ.txt,1656
刑JX064\初級編\07_あてはめ2_故意の認定.txt,1656
刑JX069\上級編\02_模範答案a_小問1_乙と甲の罪責.txt,1655
刑JX058\初級編\07_あてはめ2_不能犯と実行の着手.txt,1654
刑JX057\初級編\06_規範2_自己名義クレカ詐欺.txt,1652
刑JX058\上級編\03_答案構成.txt,1650
刑JX006\刑JX006-6.txt,1647
刑JX045\初級編\09_あてはめ3_債務免脱.txt,1647
刑JX027\初級編\06_規範2_過失の共同正犯.txt,1646
刑JX061\上級編\05_総まとめ.txt,1644
刑JX068\上級編\02_模範答案b_財産犯系と罪数.txt,1643
刑JX010\刑JX010-1.txt,1638
刑JX053\上級編\05_総まとめ.txt,1637
刑JX034\上級編\05_総まとめ.txt,1634
刑JX036\初級編\04_規範1_占有の有無.txt,1634
刑JX028\初級編\04_規範1_原因において自由な行為.txt,1633
刑JX044\上級編\01_問題文.txt,1631
刑JX044\初級編\01_問題文.txt,1631
刑JX017\刑JX017-11.txt,1630
刑JX004\刑JX004-4.txt,1628
刑JX006\刑JX006-12.txt,1626
刑JX031\初級編\06_規範2_遺棄の意義.txt,1625
刑JX065\初級編\02_事案分析.txt,1623
刑JX061\上級編\03_答案構成.txt,1622
刑JX069\初級編\04_規範1_乙の犯人隠避.txt,1619
刑JX036\上級編\02_模範答案b_甲の財布.txt,1615
刑JX044\初級編\07_あてはめ2_強取の因果関係.txt,1614
刑JX058\上級編\04_差がつく点.txt,1614
刑JX003\刑JX003-6.txt,1612
刑JX048\初級編\09_あてはめ3_共同正犯と幇助.txt,1612
刑JX069\初級編\08_規範3_丙の犯人蔵匿.txt,1611
刑JX015\刑JX015-6.txt,1610
刑JX043\上級編\05_総まとめ.txt,1610
刑JX029\初級編\09_あてはめ3_丙の処理.txt,1606
刑JX056\上級編\05_総まとめ.txt,1606
刑JX013\刑JX013-11.txt,1604
刑JX055\上級編\05_総まとめ.txt,1604
刑JX026\初級編\06_規範二_共同正犯と正当防衛.txt,1603
刑JX059\上級編\03_答案構成.txt,1603
刑JX025\初級編\07_あてはめ2_予備の共同正犯.txt,1602
刑JX028\初級編\07_あてはめ2_三要件と片面的幇助.txt,1601
刑JX056\初級編\07_あてはめ2_乙の科刑.txt,1601
刑JX006\刑JX006-8.txt,1600
刑JX066\初級編\09_あてはめ3_契約書①②.txt,1599
刑JX068\初級編\11_あてはめ4_書類持出し窃盗.txt,1592
刑JX015\刑JX015-11.txt,1590
刑JX057\初級編\05_あてはめ1_誤振込み詐欺.txt,1590
刑JX014\刑JX014-6.txt,1587
刑JX005\刑JX005-10.txt,1582
刑JX011\刑JX011-4.txt,1582
刑JX056\初級編\05_あてはめ1_甲の業務上横領.txt,1574
刑JX049\初級編\08_規範3_詐欺と窃盗の限界.txt,1573
刑JX059\初級編\07_あてはめ2_共犯と横領.txt,1573
刑JX009\刑JX009-4.txt,1572
刑JX058\上級編\01_問題文.txt,1571
刑JX058\初級編\01_問題文.txt,1571
刑JX065\上級編\01_問題文.txt,1571
刑JX065\初級編\01_問題文.txt,1571
刑JX048\初級編\07_あてはめ2_2項強盗殺人.txt,1568
刑JX001\上級編\02_模範答案a_Yの罪責.txt,1565
刑JX026\初級編\04_規範一_正当防衛の急迫性.txt,1565
刑JX059\上級編\04_差がつく点.txt,1565
刑JX010\刑JX010-8.txt,1564
刑JX036\上級編\05_総まとめ.txt,1564
刑JX004\刑JX004-3.txt,1562
刑JX045\上級編\04_差がつく点.txt,1561
刑JX011\刑JX011-5.txt,1560
刑JX056\上級編\03_答案構成.txt,1558
刑JX025\上級編\05_総まとめ.txt,1556
刑JX064\上級編\03_答案構成.txt,1555
刑JX070\上級編\04_差がつく点.txt,1554
刑JX015\刑JX015-4.txt,1553
刑JX011\刑JX011-6.txt,1551
刑JX031\初級編\04_規範1_罪名を異にする共同正犯.txt,1551
刑JX048\上級編\03_答案構成.txt,1549
刑JX010\刑JX010-2.txt,1547
刑JX036\初級編\07_あてはめ2_自救行為.txt,1547
刑JX058\初級編\05_あてはめ1_銀行詐欺と窃盗.txt,1546
刑JX065\上級編\03_答案構成.txt,1546
刑JX048\初級編\02_事案分析.txt,1545
刑JX064\上級編\04_差がつく点.txt,1544
刑JX006\刑JX006-10.txt,1542
刑JX011\刑JX011-10.txt,1542
刑JX016\刑JX016-6.txt,1542
刑JX033\初級編\04_規範1_真実性の錯誤.txt,1540
刑JX005\刑JX005-7.txt,1538
刑JX017\刑JX017-7.txt,1537
刑JX065\初級編\07_あてはめ2_詐欺・旅券不実記載.txt,1536
刑JX005\刑JX005-9.txt,1534
刑JX056\上級編\04_差がつく点.txt,1534
刑JX002\刑JX002-7.txt,1533
刑JX008\刑JX008-11.txt,1531
刑JX016\刑JX016-4.txt,1527
刑JX004\刑JX004-9.txt,1526
刑JX045\上級編\03_答案構成.txt,1526
刑JX008\刑JX008-3.txt,1525
刑JX008\刑JX008-8.txt,1525
刑JX052\上級編\04_差がつく点.txt,1525
刑JX048\初級編\08_規範3_共同正犯と幇助.txt,1524
刑JX057\上級編\04_差がつく点.txt,1523
刑JX017\刑JX017-10.txt,1521
刑JX008\刑JX008-2.txt,1519
刑JX031\初級編\05_あてはめ1_重なり合いの範囲.txt,1518
刑JX034\初級編\06_規範2_犯人隠避と親族特例.txt,1517
刑JX048\初級編\05_あてはめ1_詐欺と窃盗の区別.txt,1514
刑JX010\刑JX010-6.txt,1512
刑JX052\初級編\09_あてはめ3_後段.txt,1512
刑JX040\初級編\06_規範2_不法領得の意思.txt,1510
刑JX007\刑JX007-8.txt,1508
刑JX049\初級編\03_論点抽出.txt,1507
刑JX008\刑JX008-5.txt,1506
刑JX014\刑JX014-8.txt,1504
刑JX004\刑JX004-2.txt,1503
刑JX002\刑JX002-9.txt,1502
刑JX046\初級編\09_あてはめ3_罪数処理.txt,1501
刑JX011\刑JX011-8.txt,1499
刑JX006\刑JX006-1.txt,1498
刑JX029\上級編\04_差がつく点.txt,1498
刑JX043\上級編\03_答案構成.txt,1498
刑JX006\刑JX006-9.txt,1495
刑JX009\刑JX009-10.txt,1495
刑JX067\初級編\05_あてはめ1_写真コピー.txt,1495
刑JX064\初級編\02_事案分析.txt,1494
刑JX067\上級編\03_答案構成.txt,1494
刑JX070\初級編\07_あてはめ2_甲の罪責.txt,1494
刑JX006\刑JX006-5.txt,1492
刑JX054\初級編\04_規範1_不法原因給付と横領.txt,1491
刑JX052\上級編\03_答案構成.txt,1489
刑JX040\上級編\05_総まとめ.txt,1488
刑JX049\上級編\05_総まとめ.txt,1485
刑JX054\上級編\05_総まとめ.txt,1484
刑JX010\刑JX010-9.txt,1480
刑JX050\初級編\06_規範2_権利行使と恐喝.txt,1480
刑JX065\初級編\05_あてはめ1_偽造.txt,1480
刑JX006\刑JX006-7.txt,1479
刑JX035\上級編\02_模範答案a_甲の罪責.txt,1479
刑JX048\上級編\04_差がつく点.txt,1478
刑JX011\刑JX011-7.txt,1476
刑JX025\上級編\02_模範答案a_乙の罪責.txt,1476
刑JX052\初級編\07_あてはめ2_酒.txt,1476
刑JX063\初級編\05_あてはめ1_一体性.txt,1476
刑JX061\上級編\04_差がつく点.txt,1473
刑JX012\刑JX012-1.txt,1472
刑JX014\刑JX014-10.txt,1471
刑JX015\刑JX015-9.txt,1471
刑JX061\初級編\05_あてはめ1_占有.txt,1467
刑JX062\初級編\05_あてはめ1_乙の257条.txt,1467
刑JX009\刑JX009-8.txt,1465
刑JX070\上級編\03_答案構成.txt,1465
刑JX060\上級編\04_差がつく点.txt,1463
刑JX005\刑JX005-8.txt,1461
刑JX061\初級編\09_あてはめ3_追求権侵害.txt,1460
刑JX063\初級編\07_あてはめ2_焼損.txt,1458
刑JX067\上級編\02_模範答案b_PDFデータと罪数.txt,1458
刑JX032\上級編\05_総まとめ.txt,1457
刑JX002\刑JX002-3.txt,1454
刑JX038\上級編\01_問題文.txt,1454
刑JX038\初級編\01_問題文.txt,1454
刑JX057\上級編\03_答案構成.txt,1451
刑JX068\上級編\04_差がつく点.txt,1451
刑JX002\刑JX002-5.txt,1450
刑JX062\上級編\02_模範答案b_乙の罪責.txt,1450
刑JX063\初級編\02_事案分析.txt,1450
刑JX010\刑JX010-10.txt,1448
刑JX026\上級編\05_総まとめ.txt,1445
刑JX039\初級編\06_規範2_不法領得の意思.txt,1444
刑JX046\上級編\05_総まとめ.txt,1444
刑JX002\刑JX002-2.txt,1443
刑JX011\刑JX011-11.txt,1442
刑JX028\上級編\05_総まとめ.txt,1442
刑JX012\刑JX012-6.txt,1439
刑JX007\刑JX007-5.txt,1438
刑JX003\刑JX003-4.txt,1437
刑JX034\上級編\02_模範答案b_犯人隠避罪と教唆.txt,1437
刑JX004\刑JX004-5.txt,1435
刑JX048\初級編\04_規範1_詐欺と窃盗の区別.txt,1435
刑JX008\刑JX008-7.txt,1433
刑JX016\刑JX016-5.txt,1432
刑JX066\初級編\07_あてはめ2_共同正犯.txt,1432
刑JX009\刑JX009-7.txt,1431
刑JX040\初級編\04_規範1_死者の占有.txt,1431
刑JX048\上級編\02_模範答案b_射殺と罪数.txt,1431
刑JX047\上級編\02_模範答案b_Yの罪責.txt,1430
刑JX059\初級編\02_事案分析.txt,1429
刑JX013\刑JX013-7.txt,1428
刑JX017\刑JX017-2.txt,1428
刑JX001\初級編\04_規範1_不真正不作為犯.txt,1428
刑JX060\上級編\03_答案構成.txt,1428
刑JX007\刑JX007-9.txt,1423
刑JX027\上級編\05_総まとめ.txt,1423
刑JX037\上級編\05_総まとめ.txt,1423
刑JX046\初級編\04_規範1_事後強盗の成立.txt,1423
刑JX054\初級編\06_規範2_不法原因給付と詐欺.txt,1422
刑JX011\刑JX011-9.txt,1421
刑JX004\刑JX004-10.txt,1419
刑JX008\刑JX008-10.txt,1419
刑JX053\初級編\05_あてはめ1_差額255万円の横領.txt,1419
刑JX006\刑JX006-3.txt,1418
刑JX037\上級編\02_模範答案a_乙への暴行・死亡.txt,1417
刑JX037\上級編\03_答案構成.txt,1417
刑JX046\上級編\01_問題文.txt,1417
刑JX046\初級編\01_問題文.txt,1417
刑JX068\上級編\03_答案構成.txt,1417
刑JX028\初級編\05_あてはめ1_殺意の発生時期.txt,1416
刑JX026\初級編\05_あてはめ一_乙の正当防衛.txt,1414
刑JX050\初級編\04_規範1_国家的法益と詐欺.txt,1414
刑JX066\上級編\04_差がつく点.txt,1414
刑JX069\上級編\03_答案構成.txt,1414
刑JX014\刑JX014-2.txt,1413
刑JX015\刑JX015-8.txt,1413
刑JX053\上級編\04_差がつく点.txt,1413
刑JX007\刑JX007-1.txt,1412
刑JX001\上級編\03_答案構成.txt,1411
刑JX065\上級編\04_差がつく点.txt,1411
刑JX042\上級編\05_総まとめ.txt,1410
刑JX044\初級編\03_論点抽出.txt,1410
刑JX031\上級編\05_総まとめ.txt,1409
刑JX038\初級編\06_規範2_封緘物の占有.txt,1409
刑JX046\上級編\02_模範答案b_窃盗の機会性と罪数.txt,1409
刑JX009\刑JX009-11.txt,1405
刑JX015\刑JX015-10.txt,1404
刑JX051\初級編\05_あてはめ1_甲のクレカ詐欺.txt,1404
刑JX028\上級編\02_模範答案b_乙の罪責.txt,1403
刑JX005\刑JX005-5.txt,1402
刑JX007\刑JX007-6.txt,1402
刑JX014\刑JX014-3.txt,1402
刑JX015\刑JX015-7.txt,1402
刑JX053\上級編\03_答案構成.txt,1402
刑JX013\刑JX013-13.txt,1401
刑JX028\上級編\03_答案構成.txt,1401
刑JX039\上級編\05_総まとめ.txt,1401
刑JX037\初級編\06_規範2_死者の占有.txt,1400
刑JX047\初級編\06_規範2_承継的共同正犯.txt,1399
刑JX014\刑JX014-1.txt,1398
刑JX033\初級編\06_規範2_伝播性の理論.txt,1398
刑JX055\初級編\08_規範3_単純悪意者と共犯.txt,1398
刑JX056\初級編\02_事案分析.txt,1398
刑JX016\刑JX016-2.txt,1396
刑JX061\上級編\02_模範答案b_乙丙の罪責.txt,1394
刑JX067\上級編\04_差がつく点.txt,1394
刑JX015\刑JX015-1.txt,1393
刑JX069\上級編\04_差がつく点.txt,1393
刑JX049\上級編\01_問題文.txt,1392
刑JX049\初級編\01_問題文.txt,1392
刑JX009\刑JX009-5.txt,1391
刑JX010\刑JX010-5.txt,1391
刑JX060\初級編\02_事案分析.txt,1391
刑JX043\上級編\02_模範答案b_甲の罪責.txt,1390
刑JX036\初級編\05_あてはめ1_占有の有無.txt,1389
刑JX050\上級編\05_総まとめ.txt,1389
刑JX034\初級編\05_あてはめ1_公務と業務.txt,1388
刑JX004\刑JX004-6.txt,1386
刑JX057\初級編\07_あてはめ2_クレカと罪数.txt,1386
刑JX003\刑JX003-2.txt,1385
刑JX033\上級編\05_総まとめ.txt,1384
刑JX043\上級編\02_模範答案a_乙丙の罪責.txt,1384
刑JX029\上級編\03_答案構成.txt,1383
刑JX062\上級編\03_答案構成.txt,1382
刑JX003\刑JX003-10.txt,1380
刑JX012\刑JX012-2.txt,1378
刑JX052\初級編\05_あてはめ1_水.txt,1378
刑JX045\初級編\07_あてはめ2_共謀の有無.txt,1377
刑JX063\上級編\03_答案構成.txt,1377
刑JX015\刑JX015-3.txt,1376
刑JX037\初級編\05_あてはめ1_死の結果の帰責.txt,1376
刑JX010\刑JX010-7.txt,1375
刑JX037\上級編\04_差がつく点.txt,1374
刑JX028\上級編\02_模範答案a_甲の罪責.txt,1372
刑JX064\上級編\01_問題文.txt,1372
刑JX064\初級編\01_問題文.txt,1372
刑JX016\刑JX016-1.txt,1371
刑JX016\刑JX016-11.txt,1369
刑JX030\初級編\04_規範1_胎児性傷害.txt,1368
刑JX049\上級編\03_答案構成.txt,1367
刑JX003\刑JX003-11.txt,1365
刑JX064\初級編\03_論点抽出.txt,1365
刑JX003\刑JX003-8.txt,1364
刑JX049\初級編\05_あてはめ1_財産上の利益.txt,1364
刑JX060\初級編\07_あてはめ2_詐欺罪.txt,1364
刑JX063\上級編\04_差がつく点.txt,1364
刑JX038\初級編\08_規範3_盗品保管罪の知情時期.txt,1363
刑JX017\刑JX017-9.txt,1360
刑JX007\刑JX007-7.txt,1359
刑JX014\刑JX014-11.txt,1359
刑JX070\上級編\02_模範答案a_乙の罪責.txt,1359
刑JX015\刑JX015-2.txt,1358
刑JX035\初級編\04_規範1_情報の財物性と不法領得の意思.txt,1358
刑JX043\初級編\02_事案分析.txt,1358
刑JX014\刑JX014-5.txt,1357
刑JX007\刑JX007-13.txt,1356
刑JX062\上級編\04_差がつく点.txt,1356
刑JX048\初級編\03_論点抽出.txt,1355
刑JX013\刑JX013-3.txt,1354
刑JX026\初級編\07_あてはめ二_甲の罪責.txt,1354
刑JX036\上級編\03_答案構成.txt,1354
刑JX051\初級編\08_規範3_詐取額.txt,1354
刑JX007\刑JX007-10.txt,1353
刑JX054\上級編\02_模範答案a_乙の罪責.txt,1353
刑JX013\刑JX013-10.txt,1351
刑JX016\刑JX016-14.txt,1351
刑JX043\上級編\04_差がつく点.txt,1351
刑JX012\刑JX012-8.txt,1347
刑JX062\初級編\08_規範3_甲前段と罪数.txt,1347
刑JX008\刑JX008-9.txt,1346
刑JX070\初級編\03_論点抽出.txt,1346
刑JX009\刑JX009-1.txt,1345
刑JX038\上級編\05_総まとめ.txt,1344
刑JX066\初級編\05_あてはめ1_偽造の成否.txt,1344
刑JX002\刑JX002-1.txt,1343
刑JX014\刑JX014-7.txt,1343
刑JX025\上級編\04_差がつく点.txt,1343
刑JX009\刑JX009-9.txt,1342
刑JX001\初級編\06_規範2_保護責任者遺棄罪.txt,1342
刑JX040\初級編\07_あてはめ2_利用処分意思.txt,1341
刑JX055\初級編\06_規範2_二重譲渡と詐欺.txt,1341
刑JX015\刑JX015-5.txt,1340
刑JX009\刑JX009-2.txt,1338
刑JX007\刑JX007-3.txt,1336
刑JX016\刑JX016-10.txt,1335
刑JX016\刑JX016-9.txt,1335
刑JX012\刑JX012-5.txt,1334
刑JX005\刑JX005-3.txt,1333
刑JX009\刑JX009-12.txt,1333
刑JX001\初級編\02_事案分析.txt,1333
刑JX068\初級編\05_あてはめ1_履歴書偽造.txt,1332
刑JX068\初級編\09_あてはめ3_口座開設詐欺.txt,1331
刑JX014\刑JX014-9.txt,1330
刑JX059\上級編\01_問題文.txt,1330
刑JX059\初級編\01_問題文.txt,1330
刑JX003\刑JX003-9.txt,1327
刑JX017\刑JX017-3.txt,1327
刑JX012\刑JX012-7.txt,1325
刑JX016\刑JX016-3.txt,1323
刑JX069\初級編\09_あてはめ3_丙の蔵匿.txt,1323
刑JX070\上級編\02_模範答案b_甲の罪責.txt,1323
刑JX001\上級編\05_総まとめ.txt,1322
刑JX016\刑JX016-8.txt,1321
刑JX033\上級編\02_模範答案a_Yの罪責.txt,1321
刑JX003\刑JX003-1.txt,1320
刑JX016\刑JX016-12.txt,1319
刑JX049\初級編\09_あてはめ3_詐欺と窃盗の限界.txt,1319
刑JX007\刑JX007-11.txt,1318
刑JX042\初級編\05_あてはめ1_強取と反抗抑圧.txt,1317
刑JX037\初級編\04_規範1_防衛行為の一体性.txt,1316
刑JX009\刑JX009-3.txt,1315
刑JX016\刑JX016-7.txt,1315
刑JX042\上級編\01_問題文.txt,1315
刑JX042\初級編\01_問題文.txt,1315
刑JX046\初級編\07_あてはめ2_機会性.txt,1314
刑JX038\初級編\04_規範1_居直り強盗.txt,1313
刑JX017\刑JX017-5.txt,1310
刑JX005\刑JX005-2.txt,1308
刑JX004\刑JX004-13.txt,1307
刑JX013\刑JX013-2.txt,1307
刑JX032\初級編\05_あてはめ1_監禁の成立時期.txt,1307
刑JX038\上級編\02_模範答案b_乙の罪責.txt,1307
刑JX066\上級編\03_答案構成.txt,1305
刑JX004\刑JX004-11.txt,1304
刑JX005\刑JX005-11.txt,1304
刑JX027\初級編\04_規範1_過失犯の構造.txt,1304
刑JX029\初級編\07_あてはめ2_乙の処理.txt,1304
刑JX047\初級編\04_規範1_事後強盗の身分.txt,1304
刑JX055\初級編\04_規範1_横領の成立時期.txt,1304
刑JX037\初級編\02_事案分析.txt,1302
刑JX010\刑JX010-3.txt,1301
刑JX054\初級編\10_規範4_盗品等と親族特例.txt,1301
刑JX061\上級編\02_模範答案a_甲の罪責.txt,1301
刑JX034\上級編\04_差がつく点.txt,1300
刑JX051\上級編\03_答案構成.txt,1298
刑JX051\初級編\07_あてはめ2_訴訟詐欺.txt,1298
刑JX010\刑JX010-11.txt,1296
刑JX027\初級編\07_あてはめ2_共同義務と丙の不可罰.txt,1296
刑JX032\初級編\07_あてはめ2_強盗と窃盗の限界.txt,1295
刑JX034\初級編\09_あてはめ3_隠避教唆と105条準用.txt,1295
刑JX008\刑JX008-1.txt,1294
刑JX009\刑JX009-13.txt,1294
刑JX032\上級編\04_差がつく点.txt,1294
刑JX045\初級編\02_事案分析.txt,1294
刑JX009\刑JX009-6.txt,1292
刑JX032\上級編\03_答案構成.txt,1292
刑JX007\刑JX007-2.txt,1291
刑JX011\刑JX011-2.txt,1290
刑JX029\初級編\05_あてはめ1_着手.txt,1290
刑JX049\初級編\07_あてはめ2_処分意思.txt,1289
刑JX036\上級編\02_模範答案a_Aの財布.txt,1288
刑JX053\初級編\02_事案分析.txt,1288
刑JX062\初級編\07_あてはめ2_横領.txt,1288
刑JX003\刑JX003-5.txt,1287
刑JX003\刑JX003-7.txt,1287
刑JX002\刑JX002-12.txt,1285
刑JX051\上級編\02_模範答案b_乙の罪責.txt,1285
刑JX056\上級編\02_模範答案a_甲の罪責.txt,1285
刑JX058\初級編\02_事案分析.txt,1283
刑JX028\上級編\04_差がつく点.txt,1282
刑JX005\刑JX005-13.txt,1281
刑JX041\上級編\05_総まとめ.txt,1281
刑JX052\上級編\01_問題文.txt,1279
刑JX052\初級編\01_問題文.txt,1279
刑JX058\上級編\02_模範答案b_甲の罪責.txt,1278
刑JX069\初級編\02_事案分析.txt,1276
刑JX051\上級編\02_模範答案a_甲の罪責.txt,1275
刑JX017\刑JX017-13.txt,1274
刑JX041\初級編\06_規範2_親族相盗例.txt,1274
刑JX012\刑JX012-10.txt,1271
刑JX068\上級編\01_問題文.txt,1269
刑JX068\初級編\01_問題文.txt,1269
刑JX068\初級編\02_事案分析.txt,1269
刑JX017\刑JX017-1.txt,1268
刑JX061\初級編\07_あてはめ2_親族間特例.txt,1268
刑JX009\刑JX009-15.txt,1265
刑JX006\刑JX006-2.txt,1262
刑JX042\上級編\04_差がつく点.txt,1262
刑JX061\上級編\01_問題文.txt,1262
刑JX061\初級編\01_問題文.txt,1262
刑JX055\上級編\04_差がつく点.txt,1260
刑JX070\初級編\02_事案分析.txt,1256
刑JX049\初級編\02_事案分析.txt,1255
刑JX001\初級編\03_論点抽出.txt,1254
刑JX015\刑JX015-12.txt,1253
刑JX068\初級編\07_あてはめ2_免許証コピー.txt,1253
刑JX004\刑JX004-1.txt,1252
刑JX011\刑JX011-1.txt,1250
刑JX028\初級編\02_事案分析.txt,1249
刑JX054\初級編\08_規範3_共犯と身分.txt,1249
刑JX069\初級編\07_あてはめ2_甲の教唆.txt,1248
刑JX003\刑JX003-3.txt,1243
刑JX013\刑JX013-5.txt,1243
刑JX011\刑JX011-3.txt,1242
刑JX069\初級編\05_あてはめ1_乙の隠避.txt,1242
刑JX008\刑JX008-13.txt,1241
刑JX057\初級編\02_事案分析.txt,1241
刑JX036\上級編\04_差がつく点.txt,1240
刑JX045\初級編\03_論点抽出.txt,1239
刑JX004\刑JX004-7.txt,1237
刑JX013\刑JX013-1.txt,1236
刑JX055\初級編\07_あてはめ2_詐欺.txt,1235
刑JX031\上級編\03_答案構成.txt,1233
刑JX050\初級編\07_あてはめ2_違法性阻却.txt,1233
刑JX034\上級編\03_答案構成.txt,1232
刑JX029\初級編\02_事案分析.txt,1231
刑JX038\上級編\03_答案構成.txt,1229
刑JX027\上級編\03_答案構成.txt,1227
刑JX042\初級編\06_規範2_恐喝罪の成否.txt,1227
刑JX061\初級編\02_事案分析.txt,1224
刑JX055\初級編\05_あてはめ1_横領.txt,1221
刑JX025\上級編\03_答案構成.txt,1220
刑JX066\上級編\02_模範答案a_乙の罪責.txt,1219
刑JX026\上級編\03_答案構成.txt,1218
刑JX037\初級編\07_あてはめ2_財布奪取.txt,1216
刑JX042\上級編\03_答案構成.txt,1214
刑JX038\初級編\05_あてはめ1_居直り強盗.txt,1211
刑JX029\上級編\01_問題文.txt,1209
刑JX029\初級編\01_問題文.txt,1209
刑JX062\初級編\09_あてはめ3_罪数整理.txt,1209
刑JX039\初級編\07_あてはめ2_権利者排除意思.txt,1208
刑JX001\上級編\04_差がつく点.txt,1207
刑JX045\初級編\05_あてはめ1_相続利益.txt,1207
刑JX065\初級編\03_論点抽出.txt,1207
刑JX035\初級編\06_規範2_不法原因給付と詐欺罪.txt,1206
刑JX026\上級編\01_問題文.txt,1203
刑JX026\初級編\01_問題文.txt,1203
刑JX042\初級編\02_事案分析.txt,1203
刑JX066\上級編\01_問題文.txt,1203
刑JX066\初級編\01_問題文.txt,1203
刑JX066\初級編\03_論点抽出.txt,1203
刑JX034\上級編\02_模範答案a_甲の偽計業務妨害.txt,1201
刑JX045\上級編\01_問題文.txt,1200
刑JX045\初級編\01_問題文.txt,1200
刑JX054\上級編\03_答案構成.txt,1197
刑JX030\初級編\06_規範2_抽象的事実の錯誤.txt,1195
刑JX029\初級編\03_論点抽出.txt,1194
刑JX031\上級編\04_差がつく点.txt,1194
刑JX066\上級編\02_模範答案c_丙の罪責.txt,1191
刑JX053\初級編\07_あてはめ2_代金300万円の横領.txt,1190
刑JX066\初級編\02_事案分析.txt,1190
刑JX035\上級編\05_総まとめ.txt,1189
刑JX058\上級編\02_模範答案c_丙の罪責.txt,1189
刑JX063\初級編\03_論点抽出.txt,1189
刑JX050\上級編\03_答案構成.txt,1188
刑JX038\初級編\09_あてはめ3_知情時期.txt,1186
刑JX062\初級編\02_事案分析.txt,1182
刑JX026\上級編\02_模範答案b_甲の罪責.txt,1181
刑JX040\上級編\04_差がつく点.txt,1174
刑JX037\上級編\01_問題文.txt,1169
刑JX037\初級編\01_問題文.txt,1169
刑JX052\初級編\02_事案分析.txt,1169
刑JX042\初級編\07_あてはめ2_恐喝罪の成否.txt,1168
刑JX043\上級編\01_問題文.txt,1167
刑JX043\初級編\01_問題文.txt,1167
刑JX037\上級編\02_模範答案b_財布奪取と罪数.txt,1163
刑JX047\上級編\03_答案構成.txt,1163
刑JX051\上級編\04_差がつく点.txt,1162
刑JX025\上級編\02_模範答案b_甲の罪責.txt,1161
刑JX058\上級編\02_模範答案a_乙の罪責.txt,1161
刑JX038\初級編\07_あてはめ2_封緘物の占有.txt,1158
刑JX046\上級編\03_答案構成.txt,1157
刑JX069\初級編\03_論点抽出.txt,1156
刑JX045\上級編\02_模範答案c_Cに対する罪責.txt,1155
刑JX051\初級編\02_事案分析.txt,1155
刑JX039\上級編\03_答案構成.txt,1154
刑JX047\上級編\05_総まとめ.txt,1154
刑JX036\初級編\03_論点抽出.txt,1153
刑JX052\初級編\03_論点抽出.txt,1152
刑JX030\上級編\05_総まとめ.txt,1150
刑JX033\初級編\07_あてはめ2_公然性.txt,1149
刑JX046\初級編\02_事案分析.txt,1148
刑JX054\初級編\11_あてはめ4_盗品等.txt,1148
刑JX038\上級編\02_模範答案a_甲の罪責.txt,1147
刑JX040\上級編\03_答案構成.txt,1147
刑JX067\初級編\03_論点抽出.txt,1147
刑JX029\上級編\02_模範答案b_乙の罪責.txt,1146
刑JX026\上級編\04_差がつく点.txt,1145
刑JX067\初級編\02_事案分析.txt,1145
刑JX040\初級編\05_あてはめ1_死者の占有.txt,1144
刑JX061\初級編\03_論点抽出.txt,1144
刑JX039\上級編\04_差がつく点.txt,1143
刑JX046\上級編\04_差がつく点.txt,1142
刑JX070\上級編\01_問題文.txt,1139
刑JX070\初級編\01_問題文.txt,1139
刑JX033\初級編\05_あてはめ1_真実性の錯誤.txt,1137
刑JX031\上級編\02_模範答案b_乙の罪責.txt,1136
刑JX055\上級編\03_答案構成.txt,1136
刑JX031\初級編\07_あてはめ2_丙の不可罰.txt,1134
刑JX046\初級編\05_あてはめ1_事後強盗.txt,1132
刑JX054\初級編\05_あてはめ1_横領.txt,1132
刑JX033\上級編\03_答案構成.txt,1128
刑JX054\初級編\02_事案分析.txt,1127
刑JX060\上級編\01_問題文.txt,1127
刑JX060\初級編\01_問題文.txt,1127
刑JX059\上級編\02_模範答案b_乙の罪責.txt,1126
刑JX046\初級編\08_規範3_予備罪と罪数.txt,1123
刑JX056\上級編\02_模範答案b_乙の罪責.txt,1123
刑JX050\上級編\04_差がつく点.txt,1122
刑JX039\初級編\04_規範1_財産犯の保護法益.txt,1121
刑JX034\初級編\07_あてはめ2_犯人隠避と親族特例.txt,1119
刑JX059\初級編\03_論点抽出.txt,1119
刑JX031\上級編\02_模範答案a_甲の罪責.txt,1111
刑JX031\初級編\02_事案分析.txt,1107
刑JX032\初級編\03_論点抽出.txt,1107
刑JX036\初級編\02_事案分析.txt,1107
刑JX041\初級編\08_規範3_権利行使と恐喝.txt,1107
刑JX027\上級編\02_模範答案b_甲の罪責.txt,1106
刑JX038\上級編\04_差がつく点.txt,1106
刑JX032\初級編\02_事案分析.txt,1104
刑JX050\初級編\05_あてはめ1_詐欺の成否.txt,1103
刑JX053\上級編\01_問題文.txt,1101
刑JX053\初級編\01_問題文.txt,1101
刑JX030\上級編\02_模範答案a_第1の場合.txt,1099
刑JX047\初級編\07_あてはめ2_致傷帰責.txt,1097
刑JX065\上級編\02_模範答案b_甲の罪責.txt,1096
刑JX047\上級編\02_模範答案a_Xの罪責.txt,1089
刑JX057\初級編\03_論点抽出.txt,1089
刑JX067\上級編\01_問題文.txt,1088
刑JX067\初級編\01_問題文.txt,1088
刑JX053\初級編\03_論点抽出.txt,1085
刑JX027\初級編\02_事案分析.txt,1082
刑JX054\初級編\07_あてはめ2_詐欺.txt,1081
刑JX035\初級編\05_あてはめ1_窃盗の成否.txt,1080
刑JX030\上級編\03_答案構成.txt,1079
刑JX033\上級編\04_差がつく点.txt,1079
刑JX051\上級編\01_問題文.txt,1074
刑JX051\初級編\01_問題文.txt,1074
刑JX068\初級編\03_論点抽出.txt,1074
刑JX041\上級編\03_答案構成.txt,1072
刑JX028\初級編\03_論点抽出.txt,1070
刑JX058\初級編\03_論点抽出.txt,1069
刑JX025\初級編\02_事案分析.txt,1065
刑JX055\初級編\09_あてはめ3_乙の罪責.txt,1065
刑JX063\上級編\01_問題文.txt,1065
刑JX063\初級編\01_問題文.txt,1065
刑JX027\初級編\05_あてはめ1_乙の過失.txt,1063
刑JX034\初級編\02_事案分析.txt,1063
刑JX035\上級編\04_差がつく点.txt,1060
刑JX039\初級編\02_事案分析.txt,1060
刑JX051\初級編\09_あてはめ3_詐取額.txt,1058
刑JX060\初級編\03_論点抽出.txt,1057
刑JX056\初級編\03_論点抽出.txt,1055
刑JX054\上級編\04_差がつく点.txt,1051
刑JX027\上級編\04_差がつく点.txt,1049
刑JX069\上級編\01_問題文.txt,1046
刑JX069\初級編\01_問題文.txt,1046
刑JX031\上級編\01_問題文.txt,1044
刑JX031\初級編\01_問題文.txt,1044
刑JX030\上級編\02_模範答案b_第2の場合.txt,1043
刑JX033\上級編\02_模範答案b_Xの罪責.txt,1039
刑JX037\初級編\03_論点抽出.txt,1037
刑JX050\初級編\02_事案分析.txt,1035
刑JX035\上級編\03_答案構成.txt,1029
刑JX029\上級編\02_模範答案a_甲の罪責.txt,1026
刑JX038\初級編\02_事案分析.txt,1026
刑JX030\初級編\07_あてはめ2_抽象的事実の錯誤.txt,1024
刑JX046\初級編\03_論点抽出.txt,1015
刑JX035\初級編\07_あてはめ2_詐欺の成否.txt,1013
刑JX039\初級編\03_論点抽出.txt,1010
刑JX001\上級編\01_問題文.txt,1008
刑JX001\初級編\01_問題文.txt,1008
刑JX062\上級編\01_問題文.txt,1006
刑JX026\初級編\02_事案分析.txt,1005
刑JX043\初級編\03_論点抽出.txt,1002
刑JX001\初級編\05_あてはめ1_作為義務.txt,996
刑JX027\上級編\02_模範答案a_乙の罪責.txt,993
刑JX047\初級編\05_あてはめ1_身分.txt,992
刑JX028\上級編\01_問題文.txt,991
刑JX028\初級編\01_問題文.txt,991
刑JX036\上級編\01_問題文.txt,989
刑JX036\初級編\01_問題文.txt,989
刑JX041\初級編\04_規範1_不法領得の意思.txt,987
刑JX062\初級編\01_問題文.txt,982
刑JX047\上級編\04_差がつく点.txt,980
刑JX041\上級編\04_差がつく点.txt,975
刑JX001\初級編\07_あてはめ2_遺棄.txt,974
刑JX045\上級編\02_模範答案a_Aに対する罪責.txt,974
刑JX039\初級編\05_あてはめ1_保護法益.txt,972
刑JX054\初級編\09_あてはめ3_共同正犯.txt,970
刑JX041\初級編\09_あてはめ3_権利行使と恐喝.txt,968
刑JX062\初級編\03_論点抽出.txt,968
刑JX040\初級編\03_論点抽出.txt,966
刑JX056\上級編\01_問題文.txt,966
刑JX056\初級編\01_問題文.txt,966
刑JX025\初級編\03_論点抽出.txt,965
刑JX030\初級編\05_あてはめ1_胎児性傷害.txt,964
刑JX054\上級編\02_模範答案b_丙の罪責.txt,964
刑JX029\上級編\02_模範答案c_丙の罪責.txt,956
刑JX035\初級編\09_あてはめ3_乙の関与形態.txt,953
刑JX057\上級編\02_模範答案b_クレカと罪数.txt,953
刑JX039\上級編\01_問題文.txt,952
刑JX039\初級編\01_問題文.txt,952
刑JX032\上級編\01_問題文.txt,951
刑JX032\初級編\01_問題文.txt,951
刑JX038\初級編\03_論点抽出.txt,944
刑JX034\上級編\01_問題文.txt,943
刑JX034\初級編\01_問題文.txt,943
刑JX034\初級編\03_論点抽出.txt,943
刑JX069\上級編\02_模範答案b_小問2_丙の罪責.txt,941
刑JX035\初級編\08_規範3_教唆と共謀共同正犯.txt,939
刑JX055\初級編\03_論点抽出.txt,939
刑JX026\初級編\03_論点抽出.txt,935
刑JX047\初級編\02_事案分析.txt,933
刑JX035\初級編\02_事案分析.txt,927
刑JX051\初級編\03_論点抽出.txt,920
刑JX031\初級編\03_論点抽出.txt,918
刑JX001\上級編\02_模範答案b_Xの罪責.txt,907
刑JX042\初級編\03_論点抽出.txt,907
刑JX040\初級編\02_事案分析.txt,905
刑JX041\初級編\07_あてはめ2_親族相盗例.txt,905
刑JX040\上級編\01_問題文.txt,904
刑JX040\初級編\01_問題文.txt,904
刑JX055\上級編\01_問題文.txt,900
刑JX055\初級編\01_問題文.txt,900
刑JX041\上級編\01_問題文.txt,895
刑JX041\初級編\01_問題文.txt,895
刑JX055\初級編\02_事案分析.txt,891
刑JX030\上級編\04_差がつく点.txt,888
刑JX027\上級編\01_問題文.txt,878
刑JX027\初級編\01_問題文.txt,878
刑JX050\上級編\01_問題文.txt,877
刑JX050\初級編\01_問題文.txt,877
刑JX057\上級編\01_問題文.txt,872
刑JX057\初級編\01_問題文.txt,872
刑JX027\初級編\03_論点抽出.txt,865
刑JX041\初級編\05_あてはめ1_不法領得の意思.txt,857
刑JX054\上級編\01_問題文.txt,851
刑JX054\初級編\01_問題文.txt,851
刑JX033\初級編\02_事案分析.txt,850
刑JX055\上級編\02_模範答案b_乙の罪責.txt,849
刑JX050\初級編\03_論点抽出.txt,848
刑JX054\初級編\03_論点抽出.txt,846
刑JX030\初級編\02_事案分析.txt,829
刑JX035\上級編\01_問題文.txt,829
刑JX035\初級編\01_問題文.txt,829
刑JX045\上級編\02_模範答案b_Bに対する罪責.txt,822
刑JX066\上級編\02_模範答案b_甲の罪責.txt,789
刑JX030\上級編\01_問題文.txt,787
刑JX030\初級編\01_問題文.txt,787
刑JX035\上級編\02_模範答案b_乙の罪責.txt,785
刑JX033\初級編\03_論点抽出.txt,782
刑JX033\上級編\01_問題文.txt,781
刑JX033\初級編\01_問題文.txt,781
刑JX030\初級編\03_論点抽出.txt,778
刑JX035\初級編\03_論点抽出.txt,770
刑JX041\初級編\02_事案分析.txt,769
刑JX025\上級編\01_問題文.txt,766
刑JX025\初級編\01_問題文.txt,766
刑JX041\初級編\03_論点抽出.txt,760
刑JX047\初級編\03_論点抽出.txt,728
刑JX027\上級編\02_模範答案c_丙の罪責.txt,707
刑JX031\上級編\02_模範答案c_丙の罪責.txt,694
刑JX047\上級編\01_問題文.txt,683
刑JX047\初級編\01_問題文.txt,683
